{"rands": [0.13986243940636514, 0.23240529295865825, 0.3130992619127666, 0.42266305925729153, 0.48296601273053413, 0.5905066659434386, 0.5965833022351016, 0.6762200147795486, 0.7611383858592686, 0.8240287313328185, 0.8625854904732704, 0.934645821575899, 0.9100226872434762, 0.8840939489131278, 0.8566742809191462, 0.8118879336551107, 0.7384578075335134, 0.7279237756570209, 0.7329025923272505, 0.7323651606446911, 0.6810498484694785, 0.6679572199434999, 0.6545792507426954, 0.6372025189810389, 0.6191949833506617, 0.6113342455124358, 0.6001073276949767, 0.5823452127260565], "mis": [0.36882384075635716, 0.5050881719472784, 0.624753200739745, 0.7111966117537446, 0.744628813293445, 0.8148069749871469, 0.7841692667137331, 0.8408625849584638, 0.8898812413554856, 0.9173752327426218, 0.935047393825303, 0.9605551188920528, 0.9498822494244799, 0.9393509214806068, 0.9289373544824279, 0.9127947208134983, 0.8758743817463963, 0.8771679910927114, 0.8876801006021215, 0.8931965862851697, 0.8762234520004234, 0.8768948742602488, 0.8715852479273489, 0.8582983633331404, 0.8499924571973309, 0.8528190110825754, 0.852285384653579, 0.8440121887572065], "fmis": [0.3770914219390572, 0.43384911668455517, 0.4909386671901633, 0.5617274497626729, 0.5940472008441285, 0.6723063234673872, 0.6545007360859114, 0.7182889497132305, 0.7897071519296439, 0.8418023429421786, 0.8748176474506937, 0.9402857533723151, 0.9182835843230521, 0.8954580984731941, 0.8716718108744378, 0.8320584875882915, 0.7671128703774268, 0.7608118948289647, 0.7675256797527378, 0.7702178411712497, 0.7271755990956362, 0.7187305566669411, 0.7081348510903558, 0.6936877164781029, 0.6788402438831641, 0.6734567863760312, 0.667585620231587, 0.6530941749593818], "ks": [2, 3, 4, 5, 6, 7, 8, 9, 10, 11, 12, 13, 14, 15, 16, 17, 18, 19, 20, 21, 22, 23, 24, 25, 26, 27, 28, 29]}