{"rands": [0.5418249328063406, 0.5456472347086881, 0.5328935416913381, 0.5149275805295792, 0.5439075020426629, 0.491227298327091, 0.4994658655336712, 0.4608949716089774, 0.4847516135964681, 0.522899111701172, 0.5246484331736303, 0.48416353957186437, 0.4839460016911311, 0.48515199677305654, 0.49568666293160696, 0.49951199082942366, 0.5189280600571063, 0.524598429827145, 0.5313535940752616, 0.5134175522490446, 0.5156079455195427, 0.5172235173249303, 0.5122477848512571, 0.5167921941629435, 0.5173705846523776, 0.510409572743431], "mis": [0.7492203532940823, 0.7496556389202246, 0.7456393176640578, 0.7423196850659755, 0.7524721181179209, 0.7482124388157204, 0.7516011914991777, 0.7442286630694082, 0.7573247256825291, 0.7702248359614511, 0.7715514090058626, 0.7583786773201696, 0.7559326595500722, 0.7554127113005034, 0.76530119541794, 0.7652349882057291, 0.7799157263677026, 0.7853133315492004, 0.7909470037575816, 0.780192256391397, 0.784235597560195, 0.7843920354137746, 0.7822847872775369, 0.7845351358530431, 0.786140022270588, 0.784328685665204], "fmis": [0.5672219780835285, 0.5683481236567796, 0.5548887299691629, 0.5354366389500738, 0.5630928491121269, 0.5104100679433786, 0.5179038920137236, 0.4794684424621889, 0.5016755853798387, 0.5385946474959343, 0.539874426557787, 0.5001489091444019, 0.4998069581833037, 0.5008890203866646, 0.5111200991001162, 0.514893890966141, 0.5338537330757215, 0.5394768309028287, 0.5462394490321948, 0.5292630230630841, 0.5317760590023998, 0.5336230569531605, 0.5290939554606944, 0.533523540517389, 0.5343713304921792, 0.5284920907423066], "sil": [], "bics": [-214213.0823191505, -217789.19793267245, -217551.9558170524, -219295.69748986835, -220951.11221266945, -223403.68127799622, -224462.85427487566, -223552.43311843034, -227257.29832030108, -229291.81632073087, -232588.2406851107, -231844.32109636342, -233285.08397743257, -233238.7797500172, -237198.52114458053, -237285.15209875008, -238854.36833459671, -240101.35763414297, -240873.20641226886, -240325.36795732635, -243499.24193430296, -244371.2062790229, -245076.86860596272, -244689.1686439095, -245200.9998020396, -246121.9784128997], "aics": [-228261.88622793672, -232423.63681887486, -232772.029680671, -235101.40633090315, -237342.45603112044, -240380.6600738634, -242025.46804815903, -241700.68186912988, -245991.1820484168, -248611.3350262628, -252493.39436805883, -252335.10975672773, -254361.50761521308, -254900.8383652139, -259446.21473719343, -260118.48066877917, -262273.331882042, -264105.9561590044, -265463.4399145465, -265501.2364370202, -269260.745391413, -270718.34471354913, -272009.64201790513, -272207.5770332681, -273305.0431688144, -274811.6567570907]}