{"rands": [0.13986243940636514, 0.23240529295865825, 0.3130992619127666, 0.42266305925729153, 0.48296601273053413, 0.5905066659434386, 0.5965833022351016, 0.6762200147795486, 0.7611383858592686, 0.8240287313328185, 0.8625854904732704, 0.934645821575899, 0.9100226872434762, 0.8840939489131278, 0.8566742809191462, 0.8118879336551107, 0.7384578075335134, 0.7279237756570209, 0.7329025923272505, 0.7323651606446911, 0.6810498484694785, 0.6679572199434999, 0.6545792507426954, 0.6372025189810389, 0.6191949833506617, 0.6113342455124358, 0.6001073276949767, 0.5823452127260565], "mis": [0.36882384075635716, 0.5050881719472784, 0.624753200739745, 0.7111966117537446, 0.744628813293445, 0.8148069749871469, 0.7841692667137331, 0.8408625849584638, 0.8898812413554856, 0.9173752327426218, 0.935047393825303, 0.9605551188920528, 0.9498822494244799, 0.9393509214806068, 0.9289373544824279, 0.9127947208134983, 0.8758743817463963, 0.8771679910927114, 0.8876801006021215, 0.8931965862851697, 0.8762234520004234, 0.8768948742602488, 0.8715852479273489, 0.8582983633331404, 0.8499924571973309, 0.8528190110825754, 0.852285384653579, 0.8440121887572065], "fmis": [0.3770914219390572, 0.43384911668455517, 0.4909386671901633, 0.5617274497626729, 0.5940472008441285, 0.6723063234673872, 0.6545007360859114, 0.7182889497132305, 0.7897071519296439, 0.8418023429421786, 0.8748176474506937, 0.9402857533723151, 0.9182835843230521, 0.8954580984731941, 0.8716718108744378, 0.8320584875882915, 0.7671128703774268, 0.7608118948289647, 0.7675256797527378, 0.7702178411712497, 0.7271755990956362, 0.7187305566669411, 0.7081348510903558, 0.6936877164781029, 0.6788402438831641, 0.6734567863760312, 0.667585620231587, 0.6530941749593818], "sil": [], "bics": [-22812.996451460454, -33108.85419231908, -41323.673866359684, -47075.49192162172, -51525.031922985996, -55385.65720122089, -56934.39575469179, -62199.77929315487, -64024.35954537328, -65933.30480185842, -67639.86395303604, -69604.4855392266, -69966.68955193344, -70354.08168853652, -70711.99592589142, -71100.54040325912, -70885.01719709538, -71700.39742305505, -72127.13874679481, -72764.39314353507, -72889.74300165533, -73474.7718309694, -73503.99414752176, -72788.05399154456, -72518.3984319127, -72958.10234328985, -73213.86095781287, -73056.89494650203], "aics": [-23726.911577727762, -34482.25150914067, -43156.55337373555, -49367.85361955187, -54276.875811470425, -58596.98328025961, -60605.20402428478, -66330.06975330214, -68614.13219607483, -70982.55964311426, -73148.60098484615, -75572.704761591, -76394.39096485212, -77241.26529200948, -78058.66171991866, -78906.68838784064, -79150.64737223118, -80425.50978874514, -81311.73330303917, -82408.46989033371, -82993.30193900826, -84037.81295887662, -84526.51746598326, -84270.05950056032, -84459.88613148277, -85359.07223341419, -86074.31303849148, -86376.82921773492], "ks": [2, 3, 4, 5, 6, 7, 8, 9, 10, 11, 12, 13, 14, 15, 16, 17, 18, 19, 20, 21, 22, 23, 24, 25, 26, 27, 28, 29]}