{"rands": [0.40534175365671865, 0.41043818237467095, 0.4341551198708291, 0.4375150191430621, 0.442137788145415, 0.45289264316730676, 0.44862310842754516, 0.4218801781188929, 0.4038951566246906, 0.3601125252300524, 0.3615288412618325, 0.3635827207150386, 0.3714503517841263, 0.3709796335578776, 0.3717284578802504, 0.4202039458165896, 0.39804755919094814, 0.3968773058054806, 0.4054981335739949, 0.4115185568764749, 0.4075341570471694, 0.4132085545361325, 0.40745128988487217, 0.3833862070577868, 0.38175341609308455, 0.3882284426521448], "mis": [0.5986053718753854, 0.6008344607350274, 0.6167716202207137, 0.6197816807003712, 0.6255963657719914, 0.634315993821071, 0.6336210231917055, 0.6285642128149591, 0.6272541799139368, 0.6220721037283481, 0.6238481350301953, 0.62703222480428, 0.6314475356035102, 0.6370742714959821, 0.6368028732152193, 0.6370857462551682, 0.6416993096887404, 0.6441082133760961, 0.6508119644417465, 0.6549318067399098, 0.6547318301744753, 0.6569405281026826, 0.6541056453463723, 0.65112812088072, 0.6541429621096322, 0.658874777666313], "fmis": [0.4391584162408226, 0.44217069412492693, 0.4635817489614015, 0.46569523131400453, 0.46794486118393036, 0.4780261187837977, 0.4725631698568309, 0.4455972244192925, 0.42643491530917343, 0.3824645858826623, 0.38352096297216104, 0.3850606753533781, 0.39212758531133773, 0.391368523428013, 0.3918279654278655, 0.438345753538805, 0.4167126465890155, 0.4155228418474797, 0.4237943267978433, 0.4295531077899104, 0.4256749940747085, 0.4311514244747617, 0.42558660627420514, 0.4025214636521724, 0.4009366513158636, 0.40742899322389275], "ks": [24, 25, 26, 27, 28, 29, 30, 31, 32, 33, 34, 35, 36, 37, 38, 39, 40, 41, 42, 43, 44, 45, 46, 47, 48, 49]}