{"rands": [0.027473581052862156, 0.0737404758544342, 0.12840163651499098, 0.14160922054360425, 0.14346191106410103, 0.17959620182726344, 0.22019002978843152, 0.2278303870887936, 0.24828627164324835, 0.2797751663202596, 0.3037686182853385, 0.3048954320404504, 0.3823653034955604, 0.3673638189886783, 0.376208698938446, 0.39493325335075063, 0.42690302797463636, 0.4255662007081987, 0.41788828786563686, 0.4998311641127611, 0.544652338182696, 0.549712556283216, 0.5418249328063406, 0.5456472347086881, 0.5328935416913381, 0.5149275805295792, 0.5439075020426629, 0.491227298327091], "mis": [0.14275886646030495, 0.3084719207991306, 0.4014122152783015, 0.4213055688409856, 0.4409161192982349, 0.47989382236087147, 0.5292350355239928, 0.5389926852435699, 0.5670839122827127, 0.589279004037785, 0.6064555052207414, 0.6181159998633685, 0.6560203189037267, 0.6462657466914836, 0.668699163423019, 0.6714822908279571, 0.6892834012531392, 0.6976395391141746, 0.6951026717227767, 0.721069235900945, 0.7399151808521097, 0.7444814699876284, 0.7492203532940823, 0.7496556389202246, 0.7456393176640578, 0.7423196850659755, 0.7524721181179209, 0.7482124388157204], "fmis": [0.18114321759491384, 0.22986526367927437, 0.2817098922927259, 0.27892872642721506, 0.2603429637174198, 0.29281339466282563, 0.3261173894737869, 0.3231284798043546, 0.337124514442208, 0.36364090563312323, 0.38196199392979446, 0.3746165913947501, 0.4539203232574945, 0.4258296875428017, 0.42943462696287293, 0.4451102230596618, 0.47389021908530343, 0.46826918218881985, 0.45678572918871674, 0.5370566437938754, 0.5755896228039707, 0.578578486995109, 0.5672219780835285, 0.5683481236567796, 0.5548887299691629, 0.5354366389500738, 0.5630928491121269, 0.5104100679433786], "ks": [2, 3, 4, 5, 6, 7, 8, 9, 10, 11, 12, 13, 14, 15, 16, 17, 18, 19, 20, 21, 22, 23, 24, 25, 26, 27, 28, 29]}